passengerId,numberOfFlights,firstName,lastName
2068,32,Yolande,Pete
4827,27,Jaime,Renay
1677,27,Katherina,Vasiliki
8961,26,Ginny,Clara
3173,26,Sunshine,Scott
288,25,Pamila,Mavis
6084,25,Cole,Sharyl
5867,25,Luise,Raymond
5096,25,Blythe,Hyon
760,25,Vernia,Mui
8363,25,Branda,Kimiko
917,25,Anisha,Alaine
2857,25,Son,Ginette
2441,24,Kayla,Rufus
1343,24,Bennett,Staci
3367,24,Priscilla,Corie
1240,24,Catherine,Missy
5668,24,Gladis,Earlene
8353,23,Davis,Williams
281,23,Sage,Fernanda
613,23,Palmer,Yuonne
5332,23,Bobette,Laurice
8411,23,Juliann,Cheryll
3590,23,Isiah,Tyler
1598,23,Amelia,Betsey
7643,23,Albina,Joni
2717,23,Shannon,Marlyn
1673,23,Jeanie,Gladis
4056,23,Dagmar,Marilee
9441,23,Annalisa,Luanna
3405,23,Johna,Ollie
2251,23,Gussie,Temple
366,23,Carman,Meghan
211,23,Lori,Jeremiah
1337,23,Kirby,Melvin
3093,23,Theda,Rodrick
258,22,Emmaline,Marcelle
739,22,Sadye,Rhea
4034,22,Thalia,Maurice
392,22,Cory,Ebonie
391,22,Carolynn,Enola
4611,22,Cristi,Eugenia
1413,22,Carlee,Timmy
7162,22,Alfonso,Dinah
6447,22,Brigitte,Jodie
9252,22,Angella,Margret
3180,22,Yvette,Peter
5490,22,Toni,Winnifred
5423,22,Sirena,Nigel
2939,22,Jaleesa,Clement
167,22,Mona,Kassandra
350,22,Annemarie,Nilsa
3078,22,Laquita,Kate
798,22,Ramiro,Terisa
2437,22,Charlyn,Wynona
1769,22,Lisha,Delmer
2516,21,Tamar,Claretta
763,21,Will,Chanelle
1651,21,Alex,Annabelle
4502,21,Thea,Yolando
4249,21,Chi,Valeri
905,21,Terrie,Gisela
4399,21,Kevin,Nicole
848,21,Marya,Eliana
437,21,Kelli,Roger
435,21,Tiffani,Frances
1464,21,Margherita,Arica
9540,21,Rhoda,Gavin
398,21,Mario,Trinh
3332,21,Kiara,Donnie
3112,21,Madie,Winona
2185,21,Rae,Chas
2254,21,Angelina,Gracia
6777,21,Tamara,Terresa
5560,21,Lang,Johnie
1982,21,Izetta,Marjorie
5007,21,Laticia,Katherine
2926,21,Vicky,Patrica
5416,21,Chin,Claretta
6060,21,Delisa,Elisha
364,21,Donya,Stephan
4552,21,Mayme,Luvenia
4632,21,Jacklyn,Christia
1581,21,Marx,Artie
2544,20,Annamae,Marva
204,20,Mallory,Cathern
4496,20,Lilian,Suzi
603,20,Raymon,Evelin
2511,20,Verona,Bobbie
942,20,Elmira,Minnie
139,20,Vita,Eileen
721,20,Yun,Cecily
8988,20,Tamika,Harriett
3883,20,Vina,Jewel
9822,20,Carl,Ima
3867,20,Nida,Darcey
1029,20,Donita,Katrina
859,20,Eilene,Velvet
3880,20,Kelly,Marlana
368,20,Bart,Naomi
