passengerId,numberOfFlights,firstName,lastName
2068,32,Yolande,Pete
1677,27,Katherina,Vasiliki
4827,27,Jaime,Renay
3173,26,Sunshine,Scott
8961,26,Ginny,Clara
760,25,Vernia,Mui
288,25,Pamila,Mavis
917,25,Anisha,Alaine
2857,25,Son,Ginette
5096,25,Blythe,Hyon
6084,25,Cole,Sharyl
5867,25,Luise,Raymond
8363,25,Branda,Kimiko
3367,24,Priscilla,Corie
2441,24,Kayla,Rufus
1343,24,Bennett,Staci
1240,24,Catherine,Missy
5668,24,Gladis,Earlene
1337,23,Kirby,Melvin
8353,23,Davis,Williams
211,23,Lori,Jeremiah
3093,23,Theda,Rodrick
8411,23,Juliann,Cheryll
366,23,Carman,Meghan
2717,23,Shannon,Marlyn
3590,23,Isiah,Tyler
281,23,Sage,Fernanda
7643,23,Albina,Joni
1598,23,Amelia,Betsey
613,23,Palmer,Yuonne
5332,23,Bobette,Laurice
2251,23,Gussie,Temple
1673,23,Jeanie,Gladis
9441,23,Annalisa,Luanna
3405,23,Johna,Ollie
4056,23,Dagmar,Marilee
3180,22,Yvette,Peter
2437,22,Charlyn,Wynona
9252,22,Angella,Margret
798,22,Ramiro,Terisa
392,22,Cory,Ebonie
5423,22,Sirena,Nigel
3078,22,Laquita,Kate
7162,22,Alfonso,Dinah
391,22,Carolynn,Enola
350,22,Annemarie,Nilsa
167,22,Mona,Kassandra
1413,22,Carlee,Timmy
739,22,Sadye,Rhea
4611,22,Cristi,Eugenia
2939,22,Jaleesa,Clement
5490,22,Toni,Winnifred
6447,22,Brigitte,Jodie
258,22,Emmaline,Marcelle
4034,22,Thalia,Maurice
1769,22,Lisha,Delmer
1982,21,Izetta,Marjorie
3332,21,Kiara,Donnie
9540,21,Rhoda,Gavin
2516,21,Tamar,Claretta
4249,21,Chi,Valeri
2185,21,Rae,Chas
4632,21,Jacklyn,Christia
2254,21,Angelina,Gracia
1581,21,Marx,Artie
905,21,Terrie,Gisela
6777,21,Tamara,Terresa
1651,21,Alex,Annabelle
5416,21,Chin,Claretta
435,21,Tiffani,Frances
6060,21,Delisa,Elisha
2926,21,Vicky,Patrica
398,21,Mario,Trinh
1464,21,Margherita,Arica
848,21,Marya,Eliana
5007,21,Laticia,Katherine
4502,21,Thea,Yolando
3112,21,Madie,Winona
5560,21,Lang,Johnie
763,21,Will,Chanelle
4399,21,Kevin,Nicole
437,21,Kelli,Roger
364,21,Donya,Stephan
4552,21,Mayme,Luvenia
3021,20,Ervin,Milda
3883,20,Vina,Jewel
628,20,Rosalina,Lavinia
2544,20,Annamae,Marva
1818,20,Marlon,Towanda
8988,20,Tamika,Harriett
4496,20,Lilian,Suzi
3880,20,Kelly,Marlana
157,20,Eldon,Kareen
8590,20,Young,Kristin
5942,20,Eddie,Ione
2964,20,Gus,Marvin
4483,20,Vilma,Yuk
9822,20,Carl,Ima
5012,20,Helen,Molly
942,20,Elmira,Minnie
